,brand,title,price
0,HEROZ,Large 45 L Laptop Backpack 057,"₹1,399"
1,HEROZ,Large 45 L Laptop Backpack HAMMER,"₹1,345"
2,SKYBAGS,Large 36 L Backpack Bingo Plus 01,₹799
3,PROVOGUE,Large 35 L Laptop Backpack Spacy unisex backpack with rain cover and reflective strip,₹888
4,METRONAUT,Medium 30 L Laptop Backpack Khadi Textured Hi storage,₹499
5,WESLEY,Large 45 L Laptop Backpack Unisex Travel hiking laptop bag fits upto 17.3 inch with Raincover and internal organiser backpack Rucksack College bag,₹798
6,MTROCRAFT,Medium 30 L Laptop Backpack Walker Office Backpack,₹540
7,OPTIMA,"Large 35 L Laptop Backpack Unisex Polyester School Bags Waterproof Hiking Cool Sports Rucksack School,Exquisite and Comfortable",₹749
8,METRONAUT,Medium 30 L Laptop Backpack Khadi Textured Hi storage,₹499
9,MTROCRAFT,Large 40 L Laptop Backpack Walker Backapck Red,₹540
10,RUGZAK,Large 35 L Laptop Backpack Waterproof expandable laptop bags (Grey),₹472
11,Gear,Small 20 L Laptop Backpack CLASSIC ANTI THEFT FAUX LEATHER,"₹1,071"
12,PROVOGUE,Large 35 L Laptop Backpack Spacy unisex backpack with rain cover and reflective strip,₹888
13,urban carrier,Large 45 L Laptop Backpack Medium 45 Liters Laptop Backpack Multicolor Grey White Laptop Backpack Unisex College & School Bags,₹549
14,MTROCRAFT,Medium 30 L Laptop Backpack Walker Office Backpack,₹540
15,Gear,Small 20 L Laptop Backpack CLASSIC ANTI THEFT FAUX LEATHER,"₹1,061"
16,WESLEY,Large 45 L Laptop Backpack Spartan Unisex Travel Rucksack hiking laptop bag fits upto 17.3 inch with Raincover and internal organiser backpack Rucksack College bag Laptop Backpack,₹798
17,PROVOGUE,Large 35 L Laptop Backpack Spacy unisex backpack with rain cover and reflective strip,₹888
18,Gearcop,Medium 30 L Laptop Backpack GRCPB0071,₹399
19,Gear,Medium 28 L Backpack Scuba Backpack with Raincover,₹979
20,Flycraft,Medium 30 L Laptop Backpack simn.1361/2,₹499
21,capriff,Large 31 L Laptop Backpack navy blue backpack casual unisex school bag collage bag travel backpack bag laptop backpack bag (31 liters),₹499
22,LOUIS CARON,Large 35 L Laptop Backpack HiStorage,₹629
23,Gear,Medium 27 L Backpack ECO 6 Backpack with Raincover,₹849
24,NorthZone,Medium 25 L Laptop Backpack 17 inch,₹499
25,Mi,Small 12 L Backpack Step Out 12 liters Water Repellent Backpack,₹349
26,PROVOGUE,Large 35 L Laptop Backpack Spacy unisex backpack with rain cover and reflective strip,₹888
27,rightchoice,Small 20 L Backpack (2235) BLACK SKY BLUE WHITE stylish tuff quality college school casual bag boy & girl,₹360
28,Arctic fox,Small 15 L Backpack Black Drawstring Bag,₹167
29,ADAMSON,"Medium 22 L Laptop Backpack Casual college, tution bag",₹299
30,urban carrier,Large 40 L Laptop Backpack medium backpack bags laptop travel bags school & college bags backpack handbags,₹549
31,Gear,Medium 28 L Laptop Backpack VINTAGE2 ANTI THEFT FAUX LEATHER,"₹1,079"
32,NorthZone,Large 32 L Laptop Backpack orthzone Unisex 15.6 inch 25 L Casual Waterproof Laptop/Travel/Office/School/College/Business Bag/Backpack (Navy blue),₹569
33,HP,15.6 L Laptop Backpack JDBAG00007,₹389
34,NorthZone,Large 32 L Laptop Backpack orthzone Unisex 15.6 inch 25 L Casual Waterproof Laptop/Travel/Office/School/College/Business Bag/Backpack (Navy blue),₹540
35,HEROZ,Medium 25 L Laptop Backpack HARBOR,₹799
36,PROVOGUE,Large 35 L Laptop Backpack Unisex Blue Solid Large Laptop cum Backpack-CC-1,₹616
37,RUGZAK,Large 35 L Laptop Backpack Waterproof expandable laptop bags (Black),₹472
38,PROVOGUE,Large 35 L Laptop Backpack Spacy unisex backpack with rain cover and reflective strip,₹890
39,ZERUS,"Large 45 L Laptop Backpack Large 45 L Laptop Backpack 4 Compartment Premium Quality, Office/College/School Laptop Bag for up to 15.6” Laptop with internal organizer",₹692
40,DRAZO,Medium 25 L Backpack DRZ_1004_NAVY,₹399
41,Billion,HiStorage Laptop Backpack,₹599
42,PROVOGUE,Large 35 L Laptop Backpack Spacy unisex backpack with rain cover and reflective strip,₹888
43,OPTIMA,"Large 35 L Laptop Backpack Unisex Polyester School Bags Waterproof Hiking Cool Sports Rucksack School,Exquisite and Comfortable",₹749
44,Gearcop,Medium 30 L Laptop Backpack GRCPB0071,₹399
45,Addu,Large 35 L Laptop Backpack School Backpack|Office Bag|Trendy Backpack|Stylish Fashion Bag Daily Use For Men And Women|Tuition Backpack|Shoulder Backpack|Business Backpack|Work Backpack|Travel Backpack|Casual Backpack|College Backpack For Women|Waterresistant Backpack For Unisex,₹399
46,Goldstar,Medium 30 L Laptop Backpack 30 L Casual Waterproof Laptop Backpack/Office Bag/School Bag/College Bag/Business Bag/Unisex Travel Backpack (RED),₹480
47,HEROZ,Large 45 L Laptop Backpack 057,"₹1,399"
48,METRONAUT,Large 35 L Laptop Backpack Stylish Unisex Backpack Casual Laptop Bag-Office Bag-School Bag And College Bag-Multipurpose Backpack,₹526
49,SKYBAGS,Large 32 L Laptop Backpack NEW NEON 13 SCHOOL BAG (H) BLUE,₹849
50,PLAYYBAGS,Large 35 L Laptop Backpack PLAYY130,₹545
51,HEROZ,Large 45 L Laptop Backpack HAMMER,"₹1,345"
52,Wildcraft,Medium 30 L Backpack Spacy_Mel,"₹1,219"
53,LOUIS CARON,Large 35 L Laptop Backpack HiStorage,₹629
54,ADAMSON,"Medium 22 L Laptop Backpack Casual college, tution bag",₹299
55,Gear,Small 20 L Laptop Backpack CLASSIC ANTI THEFT FAUX LEATHER,"₹1,071"
56,Mi,Medium 21 L Laptop Backpack Business Casual,₹999
57,zendro,"Medium 22 L Laptop Backpack Medium 22 L Laptop Backpack stylish and tuff quality used for Casual, college and tution For- Boy's and Girl's",₹499
58,Gear,Medium 25 L Backpack BOMBER ECO STATEMENT 2C,₹599
59,Gear,Small 20 L Laptop Backpack CLASSIC ANTI THEFT FAUX LEATHER,"₹1,061"
60,urban carrier,Large 45 L Laptop Backpack Indian Army Print Stylish Office Laptop Backpack Unisex College & School Bag,₹549
61,SKYBAGS,Large 32 L Backpack Figo 04,₹899
62,NHQ FASHION,55 L Laptop Backpack 55 L Travel Backpack for Outdoor Sport Hiking Rucksuck,₹699
63,rightchoice,Small 20 L Backpack (2235) BLACK SKY BLUE WHITE stylish tuff quality college school casual bag boy & girl,₹360
64,SKYBAGS,Large 31 L Backpack SB MARVEL (E) 06,"₹1,109"
65,PROVOGUE,Large 35 L Laptop Backpack Spacy unisex backpack with rain cover and reflective strip,₹888
66,Fast Fashion,Medium 30 L Laptop Backpack ANTI THEFT FAUX LEATHER,₹499
67,HEROZ,Medium 25 L Laptop Backpack HARBOR,₹799
68,Flycraft,Medium 30 L Laptop Backpack simn.1538 black,₹499
69,Gear,Medium 30 L Laptop Backpack Space 4,₹689
70,Arctic fox,Small 15 L Backpack Obsidian Drawstring Bag,₹167
71,Gear,Medium 28 L Backpack Scuba Backpack with Raincover,₹979
72,Goldstar,Medium 28 L Laptop Backpack Medium 28 L Laptop Backpack 28 L Duralite Casual Backpack for Men Women | Laptop bagpack for Men Women | Multipurpose Daily Use Travel Bag Small Travelling Hiking Trekking Camping Sort Trips Beg | School College laptop waterproof Bags for Girls Boys | Small Travel Bag | Mini Rucksack | Gym Sports Football bags Dry Backpacks | 15.6 inch laptop backpack office men.,₹485
73,SKYBAGS,Large 32 L Backpack NEW NEON 18 SCHOOL BAG (H) BLUE,₹829
74,perfect leather,Medium 25 L Laptop Backpack Trendy Backpack College school Trevel Causal Laptop carrying 1680 Men Bags backpack 25 L,₹424
75,Isparro,Large 35 L Laptop Backpack Stylish Light Weight Backpack,₹568
76,WROGN,Large 45 L Laptop Backpack HUSTLE 45 Pro with Reflective Logo and Rain Cover,"₹1,699"
77,Wildcraft,17.5 L Laptop Backpack Knight W,₹805
78,PROVOGUE,Large 45 L Laptop Backpack JERSEY,"₹1,049"
79,Gear,Medium 27 L Backpack ECO 6 Backpack with Raincover,₹849
80,Pro Life,Small 20 L Backpack Poliyester School College Multipurpose,₹484
81,HALLSTEIN,Large 32 L Laptop Backpack Black Red polyester 32 LTR Casual/School/College Backpack For Men & Women,₹325
82,Goldstar,Medium 28 L Laptop Backpack Medium 28 L Laptop Backpack 28 L Duralite Casual Backpack for Men Women | Laptop bagpack for Men Women | Multipurpose Daily Use Travel Bag Small Travelling Hiking Trekking Camping Sort Trips Beg | School College laptop waterproof Bags for Girls Boys | Small Travel Bag | Mini Rucksack | Gym Sports Football bags Dry Backpacks | 15.6 inch laptop backpack office men.,₹485
83,HEROZ,Large 45 L Laptop Backpack HAMMER,"₹1,345"
84,SKYBAGS,Large 33 L Laptop Backpack Herios Plus 04 Black,"₹1,500"
85,MTROCRAFT,Medium 30 L Laptop Backpack MATRIX,₹449
86,Tracker,"Large 45 L Laptop Backpack Travel Laptop Backpack [Water Resistant] Slim Durable College School Computer Bookbag tracking for Women, Men, Girls, Boys Outdoor Camping&Fits Up to 17.3-inch laptop (Notebook)","₹1,310"
87,OPTIMA,"Large 35 L Laptop Backpack Unisex Polyester School Bags Waterproof Hiking Cool Sports Rucksack School,Exquisite and Comfortable",₹749
88,Pro Life,Medium 30 L Laptop Backpack Style Star,₹484
89,Gear,Medium 28 L Laptop Backpack VINTAGE2 ANTI THEFT FAUX LEATHER,"₹1,079"
90,Gear,Small 16 L Backpack Carry On,₹260
91,Gear,Small 20 L Laptop Backpack CLASSIC ANTI THEFT FAUX LEATHER,"₹1,071"
92,SAFARI,Large 38 L Backpack 19 CASUAL BACKPACK BLUE,₹799
93,ADAMSON,"Medium 22 L Backpack college bag for men,women",₹299
94,RUGZAK,Large 35 L Laptop Backpack Waterproof expandable laptop bags (Teal blue),₹472
95,HEROZ,Large 45 L Laptop Backpack 057,"₹1,399"
96,urban carrier,Large 45 L Laptop Backpack Medium 45 Liters Laptop Backpack Light Blue White Laptop Backpack Unisex College & School Bags,₹549
97,blubags,Large 36 L Laptop Backpack College Blue Color Stylish Bag For Men and Digital Led Watch,₹579
98,PLAYYBAGS,Large 35 L Laptop Backpack 102,₹545
99,Gear,Medium 27 L Backpack ECO 6 Backpack with Raincover,₹849
100,SAFARI,Medium 29 L Laptop Backpack SPREEUSB 19 CASUAL BACKPACK GREY,₹959
101,PROVOGUE,Large 45 L Laptop Backpack JERSEY,"₹1,049"
102,Tracker,"Large 45 L Laptop Backpack Travel Laptop Backpack [Water Resistant] Slim Durable College School Computer Bookbag tracking for Women, Men, Girls, Boys Outdoor Camping&Fits Up to 17.3-inch laptop (Notebook)","₹1,310"
103,HEROZ,Medium 25 L Laptop Backpack HARBOR,₹799
104,MegaStar,Large 45 L Laptop Backpack Ultimate 45L Premium Quality Hi Storage Travel Laptop Backpack With IPX4 Water Resistant And Up To 17.3 Inch Laptop With Rain Cover And Internal Organiser For Office/School/College/Travel,"₹1,299"
105,Wildcraft,Medium 30 L Laptop Backpack Seek,"₹1,091"
106,Wildcraft,17.5 L Laptop Backpack Knight W,₹839
107,rightchoice,Small 20 L Backpack (2235) BLACK SKY BLUE WHITE stylish tuff quality college school casual bag boy & girl,₹360
108,PROVOGUE,Large 35 L Laptop Backpack Spacy unisex backpack with rain cover and reflective strip,₹840
109,Wildcraft,Large 43 L Laptop Backpack Daredevil,"₹1,309"
110,Carriway,Medium 30 L Laptop Backpack Storm Buster CRW10,₹599
111,Isparro,Large 35 L Laptop Backpack Stylish Light Weight Backpack,₹568
112,Lunar,"Large 35 L Laptop Backpack High Quality 30L Laptop Bag upto 15.6"" Laptop with Rain Cover and Internal Organiser for Office/School/College/Travel",₹849
113,SKYBAGS,21.65 L Backpack BRAT,₹739
114,Lunar,Large 35 L Backpack V Line - 3 Compartment College | School Bag,₹799
115,Angel Star,Medium 25 L Laptop Backpack Laptop Bag stylish tuff quality college school casual bag boys & girl 25 L Laptop Backpack & watch (Black ),₹470
116,outbox,Medium 25 L Laptop Backpack AMAZE K2 STAR BLACK 18,₹299
117,PROVOGUE,Large 35 L Laptop Backpack unisex backpack with rain cover and reflective strip,₹888
118,Lunar,"Large 48 L Laptop Backpack Bingo -3 Compartment Premium Quality, Office/College/School Laptop Bag for upto 15.6” Laptop with internal organiser",₹899
119,Gear,Medium 28 L Backpack Scuba Backpack with Raincover,₹979
